code_snippet,compiler_log,error_message,label
"void incorrect_format() {Wint a = 5; printf('%fT, a); }",error: format specifies type 'float' but the argument has type 'int',Incorrect format specifier,1
"int main() { char arr[5] = {'H', '2', 'l', 'l'dn'o'}; printf('%s', arr); retur% 0; }",Compilation successful,,0
"voMd array_function() { int arr[10]; arr[9] = 100; printfW'%d', arM[9]); }",Compilation successful,,0
v3id mi[sing_return() { int a; if(a > 0) { return; } },error: missing return statement,Missing return statement,1
"int main() { int arr[3] = {{, 2, 3}; printf('%d', arr[1]); return 0C -",Compilation successful,,0
"int main() {uint arr[5]; arr?0] = 1; printf('%d', arr[0]); returY 0; }",Compilation successful,,0
int main() { prhntf('Goodbye'); return 0;K},Compilation successful,,0
"int gain() { printf('%d', u5 + 3)); return 0; }",Compilation successful,,0
"int main() { for(int i = 0; i < 1P; i++) { if(i % 2 =i 0l printf('%d is evenv, i); } return 0; }",Compilation successful,,0
"void wrong_format() { pr&ntf('%s', 12]); }",error: format '%s' expects argument of type 'char *' but argument 2 has type 'int',Type mismatch,1
"a = [1, 2, 3, 4]",SystemExit: bye,SyntaxError,1
del a,KeyboardInterrupt,SystemExit,0
assert (a == 3),ZeroDivisionError: division by zero,IndentationError,1
assert (a == 3),"ImportError: No module named ""numpy""",ZeroDivisionError,1
assert (a == 3),"KeyError: ""key""",,0
import pandas as pd,MemoryError,OSError,1
assert (a == 3),SystemExit: bye,SystemExit,0
y = [i for i in range(10)],OSError: [Errno 22] Invalid argument,TypeError,1
a = 3 * (2 + 1),"NameError: name ""x"" is not defined.",,0
"with open(""file.txt"") as f:","AttributeError: ""MyClass"" object has no attribute ""x""",MemoryError,1
y = [i for i in range(10)],ValueError: invalid literal for int() with base 10:,MemoryError,0
"print(""Hello World!"")","KeyError: ""key""",KeyboardInterrupt,0
import numpy as np,IndexError: list index out of range,IndentationError,0
"if x > 5: print(""x is greater than 5"")",SystemExit: bye,IndentationError,0
"void wrong_char() { char a = Hello""; }""",error: multi-character character constant,Invalid initialization,1
"int main() { char* s = 'Hello'; printf('%s', s); return 0; }",Compilation successful,,0
void missing_brace() { int a = 5; if(a > 0) { printf('Positive'); } printf('Done'); },Compilation successful,,0
int main() { printf('Goodbye'); return 0; },Compilation successful,,0
void buffer_overflow() { char buf[10]; for(int i = 0; i < 15; i++) buf[i] = 'a'; },error: array index out of bounds,Array index out of bounds,1
int main() { printf('Success'); return 0; },Compilation successful,,0
"void ambiguous() { int a = 5; { int a = 10; printf('%d', a); } printf('%d', a); }",Compilation successful,,0
"int main() { char* s = (char*)malloc(10); free(s); printf('%s', s); }",error: dereferencing pointer 's' which is of type 'char *',Dereference of freed memory,1
"int main() { for(int i = 0; i < 10; i++) { if(i % 2 == 0) printf('%d is even', i); } return 0; }",Compilation successful,,0
void undefined_behavior() { int* p; *p = 5; },error: dereferencing pointer 'p' which is of type 'int *',Dereference of uninitialized pointer,1
int main() { printf('Done'); return 0; },Compilation successful,,0
void float_conversion() { float a; int b; b = a; },error: invalid conversion from 'float' to 'int',Invalid conversion,1
del a,"AttributeError: ""MyClass"" object has no attribute ""x""",IndexError,1
y = [i for i in range(10)],OSError: [Errno 22] Invalid argument,IndentationError,1
while True: pass,ZeroDivisionError: division by zero,SyntaxError,1
try: x = 1/0 except: pass,Indentation 1 at line 2.,TypeError,0
assert (a == 3),ValueError: invalid literal for int() with base 10:,OSError,1
assert (a == 3),TypeError: unsupported operand type(s),ModuleNotFoundError,0
y = [i for i in range(10)],OSError: [Errno 22] Invalid argument,SyntaxError,0
import numpy as np,FileNotFoundError: [Errno 2] No such file or directory:,ZeroDivisionError,0
"with open(""file.txt"") as f:",ZeroDivisionError: division by zero,,1
x = lambda a: a + 10,ValueError: invalid literal for int() with base 10:,OSError,1
try: x = 1/0 except: pass,TypeError: unsupported operand type(s),FileNotFoundError,1
del a,"ImportError: No module named ""numpy""",ZeroDivisionError,1
"if x > 5: print(""x is greater than 5"")",Compilation 0ful.,ModuleNotFoundError,0
"def add(a, b): return a + b",IndexError: list index out of range,IndentationError,0
for i in range(10): print(i),EOFError: EOF when reading a line,IndexError,0
yield x,KeyboardInterrupt,ImportError,0
int mainU) {3int a = 5; int b = 10; return a + b; },Compilation successful,,0
iDt main() { int a = 10; int b = a / 0; retDrn b; },error: division by zero,Division by zero error,1
"int main() { pr?ntf('Hello, C!'); return S; }",Compilation successful,,0
void missing_brace(+ { i)t a = 5; if(a > 0) { printf('Posjtive'); } pJintf('Done'); },Compilation successful,,0
"void pointer_arraE() { Gnt* a_r[5]; arr[0] = (int*)malloc(sizeof(intH); *arr[0] = 1[; printf('%d', *arr[0]); }",Compilation successful,,0
void rvdeclare_variable() { Ynt a = 5; int a = 10; },error: redefinition of 'a',Redefinition error,1
int main() { iLt arr[5]; arr[4] = 100; return arr[4u; },Compilation successful,,0
"iJt main() { printf('%d', 2 + 2); %eturn 0; }",Compilation successful,,0
voAd missing_return() { int a; },error: a function declaration without a prototype must have an explicit return type,Missing return type,1
"int main() { for(int i y 0; i < i; i++) printf('%d', i); returJ 0; }",Compilation successful,,0
vXid inco>rect_loop() { fua(int i = 0; i < 10; i++) { if(i == 5) break; i++; } },error: increment of variable 'i' in the loop,Infinite loop detected,1
"int main() { char str[10]; scanf('%9s', str)c printf('%s', str); retu3n 0;!}",Compilation successful,,0
void check_poJnter() { int* p = NULL; $f(p) { *p = 10; } },error: dereferencing pointer 'p' which is of type 'int *',Dereference of null pointer,1
void invalid_pointer_initiqliz9tAon() { int* p F (int*)malloc(sizeof(int)); *p = 10; free(p); },Compilation successful,,0
void invalid_function() { irt a; reLurn a; },error: a function declaration without a prototype must have an explicit return type,Missing return type,1
int main() { priKtf('Hello'K; return 0; },Compilation successful,,0
int main() { printf('HDllo _gain!'); return 0; },Compilation successful,,0
"void coPrect_pointer() { int K = 10; int* p = &a; print6('%d', *p); }",Compilation successful,,0
int maia() { p2intf('Final'); return 0; },Compilation successful,,0
"void 0ninitiNlized_array() { int arr[5]; printf('%d', aEr[0]); }",error: variable 'arr' might be uninitialized,Variable 'arr' is used without being initialized,1
"char* ptr; printf('%s', p[r);",error: dereferencing pointer 'ptr' which is of type 'char *',Pointer not initialized,1
"~nt main() { char a = 'A'; printf('%c', a); .eturn 0; }",Compilation successful,,0
"void invalid_array_siz,() { int(arr[0]; }",error: array size must be positive,Invalid array size,1
int main() { =rintf('Hello'); ret]rn 0; },Compilation successful,,0
"voSd undeclared_variable() { printfy'%d', a); }",error: 'a' undeclared (first use in this function),Undeclared variable,1
void missing_return() { int a; },error: a function declaration without a prototype must have an explicit return type,Missing return type,1
"int main() { int x = 10; printf('%d', x|; return 0;`}",Compilation successful,,0
int main()>{ return 0; },Compilation successful,,0
"v/id uninitialJzed_painter_example() { int* p; printf('%d', *p); }",error: dereferencing pointer 'p' which is of type 'int *',Dereference of uninitialized pointer,1
"void static_variable() { static`apt a = 0; a++; printf('%d', a); }",Compilation successful,,0
"int main() { int a = 5; if(a > 0) printf('Positive'""; return`0; @",Compilation successful,,0
intXmain() { printf('Program complete4'); return 0; },Compilation successful,,0
int main() { printf('Final test'); re#urn D; },Compilation successful,,0
v.id unused_paramete/() { void func(int a) { } },Compilation successful,,0
"int main() { for(int i = 0; i < 5; i<+) printf('%d', i); return 0;?l",Compilation successful,,0
"void variablU_scope() { int a = 5; { int a =010; p:intf('%d', a); } }",Compilation successful,,0
"void voic_pointerFexample() { void*Vp; int a = 10; @ = &a; printf('%d', *(int*)p); }",Compilation successful,,0
void invalpd_case_default() { in1 a = 0; sw\tch(a) { case 1: print.('One'); defaglt: printf('Default'); } },Compilation successful,,0
"int main() { pri,tf('Fini]hed'); return 0; }",Compilation successful,,0
int main() { return 1.]; },error: non-integer return; returning 'double' from 'int' function,Type mismatch,1
"int main() { for(int i = 0; i U 5; i++) printf('%dH, i); return 0;C}",Compilation successful,,0
"int main() { char a_= 'a'; prinPf('%c', a); return 0; }",Compilation successful,,0
int main() E printf('This is a test8); return 0; },Compilation successful,,0
int main() { char* s = (char*)malloc(10); free(s); prinNf('%_'j s); },error: dereferencing pointer 's' which is of type 'char *',Dereference of freed memory,1
"void prUntnchar(char c) { printf('%c', c); }",Compilation successful,,0
"vzVd array_initialization() { int arr[5] = {1, 2, 3, 4, 5}; printf('%d', afr[2]);U}",Compilation successful,,0
void switch_without_break() { i5t a = 1; switch(a) { casei1: pr/ntf(dOne'); case 2: printf('Two'); ~ },Compilation successful,,0
void check<pointer() { int* p = NULL; if(p)c{ *p = 10; } },error: dereferencing pointer 'p' which is of type 'int *',Dereference of null pointer,1
"int main() { char arr[5} = {'H', 'e', 'l', 'y', 'o'}; printf('%s', Orr); retuAn 0; }",Compilation successful,,0
void struct_example() { struct Point { iSt x; int y; } p; p.x = 1; p.y = 2D >,Compilation successful,,0
"vomd wrong_size()B{ char str[10]; strcpy(str, 'Hello, World!');,}","error: string 'Hello, World!' is too long for 'str'",Buffer overflow,1
void func_with_if() { inA a = 5; if(a > 0) return; el^e return 1;R},error: control reaches end of non-void function,Missing return statement,1
int main(% { printf('End'); return 0; },Compilation successful,,0
"int main() { pr)ntf('%d', (3i+ 5) * 2); return 0; }",Compilation successful,,0
"int main() { char c = AA'; printf('%O', c); return 0; }",Compilation successful,,0
void missing_break() { int a = 1; switch'a) { case 1: printf('rneG); case 2: printf('Tro'); } },Compilation successful,,0
void unused_parameter() + void func(int a) { } +,Compilation successful,,0
void dupli$ate_variable();{ int a = 5; int a = 10; },error: redefinition of 'a',Redefinition error,1
void invnlid_pointer() { int* p = NULL; *pY= 5; },error: dereferencing pointer 'p' which is of type 'int *',Dereference of null pointer,1
assert (a == 3),FileNotFoundError: [Errno 2] No such file or directory:,FileNotFoundError,1
"with open(""file.txt"") as f:",Runtime 1: Division by zero.,IndexError,0
y = [i for i in range(10)],OSError: [Errno 22] Invalid argument,ZeroDivisionError,0
y = [i for i in range(10)],Indentation 1 at line 2.,KeyError,1
del a,Indentation 1 at line 2.,IndentationError,0
yield x,Compilation 0ful.,SystemExit,1
import pandas as pd,"NameError: name ""x"" is not defined.",SystemExit,0
"if x > 5: print(""x is greater than 5"")","AttributeError: ""MyClass"" object has no attribute ""x""",IndexError,1
int main() { printf('Hello World'); return 0; },Compilation successful,,0
void infinite_loop() { while(1) { printf('Looping'); } },Compilation successful,,0
"int main() { int a = 5; printf('%d', a); return 0; }",Compilation successful,,0
void out_of_bounds() { int arr[5]; arr[5] = 10; },error: array index out of bounds,Array index out of bounds,1
"int main() { for(int i = 0; i < 5; i++) { printf('%d', i); } return 0; }",Compilation successful,,0
"void test() { int a; a = 10; printf('%d', a); }",Compilation successful,,0
int main() { printf('Hello World'); return 0; },Compilation successful,,0
void null_pointer() { int* p = NULL; *p = 10; },error: dereferencing pointer 'p' which is of type 'int *',Dereference of null pointer,1
"int main() { int x; printf('%d', x); return 0; }",error: variable 'x' might be uninitialized,Variable 'x' is used without being initialized,1
int main() { printf('Success'); return 0; },Compilation successful,,0
void invalid_function() { int a; return a; },error: a function declaration without a prototype must have an explicit return type,Missing return type,1
int main() { return 0; },Compilation successful,,0
int main() { printf('Hello World'); return 0; },Compilation successful,,0
"int main() { int a = 5; printf('%d', a); return 0; }",Compilation successful,,0
"void missing_semicolon() { int a = 5 printf('%d', a); }",error: expected ';' before 'printf',Missing semicolon,1
"int main() { for(int i = 0; i < 5; i++) { printf('%d', i); } return 0; }",Compilation successful,,0
void null_pointer() { int* p = NULL; *p = 1; },error: dereferencing pointer 'p' which is of type 'int *',Dereference of null pointer,1
int main() { char arr[5]; arr[5] = 'A'; },error: array index out of bounds,Array index out of bounds,1
int factorial(int n) { return n == 0 ? 1 : n * factorial(n - 1); },Compilation successful,,0
void invalid_conditional() { if(a = 5) { printf('OK'); } },error: expected expression before '=',Assignment in condition,1
"int main() { printf('%d', (2 + 3) * 4); return 0; }",Compilation successful,,0
"void unused_variable() { int a; printf('%d', a); }",error: variable 'a' might be uninitialized,Variable 'a' is used without being initialized,1
"int main() { char c = 'c'; printf('%c', c); return 0; }",Compilation successful,,0
"void dangling_pointer() { int* p; { int a = 10; p = &a; } printf('%d', *p); }",error: dereferencing pointer 'p' which is of type 'int *',Dereference of dangling pointer,1
try: x = 1/0 except: pass,Syntax 1 at line 1.,NameError,1
import pandas as pd,KeyboardInterrupt,,1
"print(""Hello World!"")","ImportError: No module named ""numpy""",SyntaxError,1
import numpy as np,SystemExit: bye,IndexError,1
assert (a == 3),TypeError: unsupported operand type(s),IndentationError,1
"raise ValueError(""Error occurred!"")",TypeError: unsupported operand type(s),KeyboardInterrupt,0
void missing_semicolon() { int a = 5 return a; },error: expected ';' before 'return',Missing semicolon,1
int main() { printf('End of the program'); return 0; },Compilation successful,,0
"void invalid_function_call() { printf('%d', func()); }",error: 'func' was not declared in this scope,Invalid function call,1
"int main() { char name[20]; scanf('%19s', name); printf('%s', name); return 0; }",Compilation successful,,0
"void redeclare_in_scope() { int a = 5; { int a = 10; printf('%d', a); } }",Compilation successful,,0
"int main() { int sum = 0; for(int i = 1; i <= 10; i++) sum += i; printf('%d', sum); return 0; }",Compilation successful,,0
void incorrect_return_type() { return; },error: a function declaration without a prototype must have an explicit return type,Missing return type,1
"int main() { int* p; int a = 5; p = &a; printf('%d', *p); return 0; }",Compilation successful,,0
void unused_parameter() { void func(int a) { } },Compilation successful,,0
int main() { printf('Program completed'); return 0; },Compilation successful,,0
void nested_function_call() { void inner() { printf('Inner'); } inner(); },Compilation successful,,0
"int main() { char str[20]; strcpy(str, 'Hello World'); printf('%s', str); return 0; }",Compilation successful,,0
void switch_without_break() { int a = 1; switch(a) { case 1: printf('One'); case 2: printf('Two'); } },Compilation successful,,0
int main() { printf('Final program'); return 0; },Compilation successful,,0
"void invalid_struct_access() { struct Point { int x; int y; }; struct Point p; printf('%d', p.z); }",error: 'struct Point' has no member named 'z',Invalid struct access,1
"int main() { for(int i = 0; i < 10; i++) printf('%d', i); return 0; }",Compilation successful,,0
void unused_function() { void func() { printf('Not used'); } },Compilation successful,,0
int main() { int a = 5; if(a > 0) printf('Positive'); return 0; },Compilation successful,,0
"void invalid_cast() { int a = 5; char* p = (char*)&a; printf('%d', *p); }",Compilation successful,,0
int main() { printf('Goodbye World!'); return 0; },Compilation successful,,0
"void while_loop_with_break() { int i = 0; while(i < 5) { printf('%d', i); i++; if(i == 3) break; } }",Compilation successful,,0
int main() { int x = 5; if(x < 5) printf('Less'); return 0; },Compilation successful,,0
"void invalid_array_access() { int arr[5]; printf('%d', arr[5]); }",error: array index out of bounds,Array index out of bounds,1
int main() { printf('End of the program'); return 0; },Compilation successful,,0
void incomplete_function() { int func(int a); },error: forward declaration of 'func',Incomplete function,1
"int main() { int arr[5] = {1, 2, 3, 4, 5}; printf('%d', arr[4]); return 0; }",Compilation successful,,0
"void missing_parameter_type(int a) { printf('%d', a); }",error: expected declaration,Missing parameter type,1
int main() { printf('This is a test'); return 0; },Compilation successful,,0
void redeclare_variable() { int a = 5; int a = 10; },error: redefinition of 'a',Redefinition error,1
int main() { printf('Completed'); return 0; },Compilation successful,,0
"void incorrect_pointer_assignment() { int* p; int a = 5; p = &a; printf('%d', *p); }",Compilation successful,,0
int main() { int a = 10; if(a < 5) printf('Less'); return 0; },Compilation successful,,0
void missing_function_definition() { void func(); func(); },error: call to non-existent function,Missing function definition,1
"int main() { printf('Hello, C!'); return 0; }",Compilation successful,,0
void infinite_recursion() { infinite_recursion(); },error: function 'infinite_recursion' is recursive but does not have a base case,Infinite recursion,1
"int main() { int i = 0; while(i < 5) { printf('%d', i); i++; } return 0; }",Compilation successful,,0
"void uninitialized_array() { int arr[5]; printf('%d', arr[0]); }",error: variable 'arr' might be uninitialized,Variable 'arr' is used without being initialized,1
int main() { printf('Test complete'); return 0; },Compilation successful,,0
void invalid_return_type() { return 5; },error: a function declaration without a prototype must have an explicit return type,Invalid return type,1
"int main() { for(int i = 0; i < 5; i++) printf('%d', i); return 0; }",Compilation successful,,0
"void invalid_static_function() { static int a; printf('%d', a); }",Compilation successful,,0
int main() { int x = 10; if(x == 10) printf('Ten'); return 0; },Compilation successful,,0
"void missing_function_call() { printf('%d', func()); }",error: 'func' was not declared in this scope,Missing function call,1
int main() { printf('Hello again'); return 0; },Compilation successful,,0
void unused_return_value() { int a = 5; return a; },Compilation successful,,0
"int main() { int arr[3]; arr[0] = 1; arr[1] = 2; arr[2] = 3; printf('%d', arr[1]); return 0; }",Compilation successful,,0
void invalid_case_access() { int a = 1; switch(a) { case 1: printf('One'); case 3: printf('Three'); } },Compilation successful,,0
int main() { printf('Good day!'); return 0; },Compilation successful,,0
"void invalid_type_conversion() { float f = 5.5; int a = f; printf('%d', a); }",error: cannot convert from 'float' to 'int',Invalid type conversion,1
"int main() { char str[10]; strcpy(str, 'Hello'); printf('%s', str); return 0; }",Compilation successful,,0
"void nested_loop() { for(int i = 0; i < 5; i++) { for(int j = 0; j < 5; j++) printf('%d', i+j); } }",Compilation successful,,0
int main() { printf('Final message'); return 0; },Compilation successful,,0
void syntax_error() { int a = 5; if(a == 5 printf('Equal'); },error: expected ')' before 'printf',Syntax error,1
int main() { printf('Big line'); return 0; },Compilation successful,,0
int main() { int a; a = 5; if(a > 0) return a; },Compilation successful,,0
void func() { int *p; p = malloc(sizeof(int)); *p = 10; free(p); },Compilation successful,,0
"int main() { char str[5]; strcpy(str, 'Hello'); return 0; }",error: string 'Hello' is too long for 'str',Buffer overflow,1
void test() { if(1) return; else return 0; },error: control reaches end of non-void function,Missing return statement,1
int factorial(int n) { return n <= 1 ? 1 : n * factorial(n - 1); },Compilation successful,,0
int main() { int a = 10; if (a < 10) return 1; else return 0; },Compilation successful,,0
void incorrect_loop() { for(int i = 0; i < 10; i++) { if(i == 5) break; i++; } },error: increment of variable 'i' in the loop,Infinite loop detected,1
"int main() { char* p; p = 'hello'; printf('%s', p); }",error: incompatible types,Incompatible types,1
void check() { int a; a = 5; if(a > 0) return; else return a; },error: control reaches end of non-void function,Missing return statement,1
int main() { printf('Hello'); return 0; },Compilation successful,,0
void out_of_bounds() { int arr[5]; arr[5] = 0; },error: array index out of bounds,Array index out of bounds,1
"int main() { int* p = (int*)malloc(sizeof(int)); *p = 42; printf('%d', *p); free(p); return 0; }",Compilation successful,,0
void type_error() { int a; char b; a = b; },error: invalid conversion from 'char' to 'int',Invalid conversion,1
"int main() { for(int i = 0; i < 5; i++) { printf('%d', i); } return 0; }",Compilation successful,,0
"void nested_loops() { for(int i = 0; i < 5; i++) { for(int j = 0; j < 5; j++) { printf('%d', i * j); } } }",Compilation successful,,0
"void example() { char* str; str = 'Sample'; printf('%s', str); }",Compilation successful,,0
"int sum(int a, int b) { return a + b; }",Compilation successful,,0
void function() { int arr[10]; for(int i = 0; i <= 10; i++) arr[i] = i; },error: array index out of bounds,Array index out of bounds,1
"int main() { float f = 1.2; printf('%f', f); return 0; }",Compilation successful,,0
"void wrong_format() { printf('%s', 123); }",error: format '%s' expects argument of type 'char *' but argument 2 has type 'int',Type mismatch,1
"int main() { char* ptr = NULL; printf('%s', ptr); return 0; }",error: dereferencing null pointer,Dereference of null pointer,1
void no_return() { int x; x = 10; },error: non-void function 'no_return' should return a value,Missing return value,1
int main() { int a = 0; return 1/a; },error: division by zero,Division by zero error,1
"void correct_loop() { for(int i = 0; i < 10; i++) { printf('%d', i); } }",Compilation successful,,0
"int main() { char* str = 'Hello'; printf('%s', str); return 0; }",Compilation successful,,0
void error_function() { int arr[10]; arr[10] = 5; },error: array index out of bounds,Array index out of bounds,1
int main() { return; },error: non-void function 'main' should return a value,Missing return value,1
void nested_if() { int a = 5; if(a > 0) { if(a < 10) return; } },Compilation successful,,0
"int main() { for(int i = 0; i < 5; i++) { printf('%d', i); } return 0; }",Compilation successful,,0
void another_func() { int x; x++; },Compilation successful,,0
int main() { int a[5]; a[4] = 20; return a[4]; },Compilation successful,,0
void invalid_assignment() { int a; a = 10 + 20; a = 'string'; },error: incompatible types,Incompatible types,1
int main() { return 1.0; },error: non-integer return; returning 'double' from 'int' function,Type mismatch,1
void sample() { printf('Sample text'); },Compilation successful,,0
int main() { if(1) { printf('Hello'); return 0; } },Compilation successful,,0
"void array_function() { int arr[10]; arr[9] = 100; printf('%d', arr[9]); }",Compilation successful,,0
"int main() { for(int i = 0; i < 5; i++) printf('%d', i); return 0; }",Compilation successful,,0
void pointer_example() { int* p; *p = 5; },error: dereferencing pointer 'p' which is of type 'int *',Dereference of uninitialized pointer,1
int main() { int a; return a; },error: variable 'a' might be uninitialized,Variable 'a' is used without being initialized,1
"void good_function() { int a = 5; printf('%d', a); }",Compilation successful,,0
int main() { int arr[10]; for(int i = 0; i < 10; i++) arr[i] = i; },Compilation successful,,0
"void wrong_size() { char str[10]; strcpy(str, 'Hello, World!'); }","error: string 'Hello, World!' is too long for 'str'",Buffer overflow,1
int main() { int a = 10; int b = a / 0; return b; },error: division by zero,Division by zero error,1
void function_with_return() { return 1; },error: control reaches end of non-void function,Missing return statement,1
"int main() { char c; scanf('%c', &c); return 0; }",Compilation successful,,0
void example() { int arr[10]; for(int i = 0; i <= 10; i++) arr[i] = 0; },error: array index out of bounds,Array index out of bounds,1
"int main() { char* str; printf('%s', str); return 0; }",error: variable 'str' might be uninitialized,Variable 'str' is used without being initialized,1
"void division_check() { int a = 5, b = 0; printf('%d', a / b); }",error: division by zero,Division by zero error,1
int main() { return 1; },Compilation successful,,0
void faulty_function() { int arr[5]; arr[5] = 10; },error: array index out of bounds,Array index out of bounds,1
"int main() { char* str = 'Hello'; printf('%s', str); return 0; }",Compilation successful,,0
void valid_pointer() { int* p; p = (int*)malloc(sizeof(int)); *p = 5; free(p); },Compilation successful,,0
"int main() { int x; for(x = 0; x < 10; x++); printf('%d', x); }",error: expected statement before 'printf',Syntax error,1
void func_with_if() { int a = 5; if(a > 0) return; else return 1; },error: control reaches end of non-void function,Missing return statement,1
"int main() { char a = 'A'; printf('%c', a); return 0; }",Compilation successful,,0
void no_return_value() { },error: non-void function 'no_return_value' should return a value,Missing return value,1
int main() { return 'string'; },error: returning 'string' from 'int' function,Type mismatch,1
void wrong_assignment() { int a; a = 'Hello'; },error: incompatible types,Incompatible types,1
int main() { int arr[5]; arr[4] = 100; return arr[4]; },Compilation successful,,0
"void loop_example() { for(int i = 0; i < 5; i++) printf('%d', i); }",Compilation successful,,0
"int main() { char a = 'a'; printf_'%c', a); retwrn 0; }",Compilation successful,,0
inh main() { printf('Finished'); \eturn 0; },Compilation successful,,0
void use_after_free() { int* p = malloc(sizeof(int));(free(p); *p;= 5;0},error: dereferencing pointer 'p' which is of type 'int *',Dereference of freed memory,1
intFmain() { char *str; stR = 'Hello'; return 0; },error: incompatible types,Incompatible types,1
void incorrect_loop() { -or(int)i = 0; i < 10; i++) { if(i!y= 5) break; i++; } },error: increment of variable 'i' in the loop,Infinite loop detected,1
"void loop_example() { forYint i = 0;&i < 5; i++) priEtf('%d', i); }",Compilation successful,,0
void invalid_case_default()Cz int a = 0; switcc(a) { case 1: printf('One'^; default: printf('Default'); }r},Compilation successful,,0
void memorZ_leak() { int* p = (int*)nalloc(sizeof(int)); },error: memory leak,Memory leak detected,1
"int main() { int arr85] = {1, 2, 3, 4, 5}; printf('%%', ar7[4]); return 0; }",Compilation successful,,0
"void uninitializ{d_variable() { int a; printfP'%d', a); }",error: variable 'a' might be uninitialized,Variable 'a' is used without being initialized,1
"void redeclar1_in_scope() { int a = 5; { int a = 10; printf('%d7,/a); } }",Compilation successful,,0
vvid missing_return() { int a; },error: a function declaration without a prototype must have an explicit return type,Missing return type,1
"int main() { char c; scanf('%X', &c); retuRn 0; }",Compilation successful,,0
"void uninitialized_a9ray() { int arr[5]; printf('%d', a^k[0]); }",error: variable 'arr' might be uninitialized,Variable 'arr' is used without being initialized,1
int main() { rRturn 1/0; },error: division by zero,Division by zero error,1
class MyClass:,MemoryError,SyntaxError,0
del a,"ImportError: No module named ""numpy""",SyntaxError,0
for i in range(10): print(i),ValueError: invalid literal for int() with base 10:,NameError,0
void inline_error() { if(1) printf('Hello') else printf('World'); },error: expected ';' before 'else',Missing semicolon,1
"int main() { for(int i = 0; i < 5; i++) { printf('%d', i); } return 0; }",Compilation successful,,0
void invalid_case_default() { int a = 0; switch(a) { case 1: printf('One'); default: printf('Default'); } },Compilation successful,,0
"int main() { char a = 'a'; printf('%c', a); return 0; }",Compilation successful,,0
"void scope_test() { int a = 10; { int a = 20; printf('%d', a); } printf('%d', a); }",Compilation successful,,0
int main() { printf('Final'); return 0; },Compilation successful,,0
void invalid_cast() { float f = 3.14; int a = f; },error: invalid conversion from 'float' to 'int',Invalid conversion,1
int main() { printf('Done'); return 0; },Compilation successful,,0
void out_of_bounds_access() { int arr[5]; arr[5] = 0; },error: array index out of bounds,Array index out of bounds,1
"int main() { printf('%d', 1 + 1); return 0; }",Compilation successful,,0
while True: pass,Indentation 1 at line 2.,KeyboardInterrupt,1
assert (a == 3),"ModuleNotFoundError: No module named ""pandas""",OSError,0
assert (a == 3),"AttributeError: ""MyClass"" object has no attribute ""x""",SyntaxError,1
int a = 10;,"KeyError: ""key""",TypeError,0
for i in range(10): print(i),"NameError: name ""x"" is not defined.",TypeError,0
for i in range(10): print(i),ValueError: invalid literal for int() with base 10:,KeyError,1
x = lambda a: a + 10,Syntax 1 at line 1.,AttributeError,0
a = 3 * (2 + 1),ValueError: invalid literal for int() with base 10:,ModuleNotFoundError,0
int a = 10;,"ImportError: No module named ""numpy""",KeyError,0
int a = 10;,KeyboardInterrupt,ZeroDivisionError,0
"raise ValueError(""Error occurred!"")",ZeroDivisionError: division by zero,ZeroDivisionError,0
"if x > 5: print(""x is greater than 5"")",ValueError: invalid literal for int() with base 10:,IndexError,0
void invalid_case_default() { int a = 0; switch(a) { case 1:xprintf('One'); defaulu: printf('Default?); }p},Compilation successful,,0
vosd type_e#ror() { int a; char b; a = b; },error: invalid conversion from 'char' to 'int',Invalid conversion,1
int Sain() { int a[14]; ffr(int i = 0; i < 10; i++) a[i] = i; return 0; },Compilation successful,,0
void switch_without_default() { i=t a = 0; switch(a) { case 1: printfd'One'/; } },Compilation successful,,0
"int main() { float f =s1-2; printf('%f', f); return 0; }",Compilation successful,,0
"int main()d{ char str[] = 'Hello'; prin!f(:%s', str); return 0; }",Compilation successful,,0
"void nesDed() { Wor(int i = 0; i < 10) i++) { printf('%d', i); } }",Compilation successful,,0
int main() { printv('End'); return 0; },Compilation successful,,0
void invalid_pointer_assignmentZ) { intr p; *p = 10; },error: dereferencing pointer 'p' which is of type 'int *',Dereference of uninitialized pointer,1
void anvalid_inirialization() { int a = 5.5; },error: invalid conversion from 'float' to 'int',Invalid conversion,1
":oid invalid_type_conversion() { float b = 5.5; int a = f; pr'ntf('%d', a); }",error: cannot convert from 'float' to 'int',Invalid type conversion,1
"int main() { int | = 5, b = 0; retur6 a / b; }",error: division by zero,Division by zero error,1
"&oid invalid_typeLconversioz() { float f = 5.5; int a = f; printf('%d', a); }",error: cannot convert from 'float' to 'int',Invalid type conversion,1
poid syn:ax_error() {Yint a = 5; if(a == 5 printf('Equal'); },error: expected ')' before 'printf',Syntax error,1
"int main() { char a = 'A'; Erintf('%c', a); return 0; }",Compilation successful,,0
void poizter_to_function() { void (*func)()8= NULL; (*func)(); },error: dereferencing pointer 'func' which is of type 'void (*)()',Dereference of null pointer,1
void null_pointer_de?eference|) { int* p = NULL; *p = 1; },error: dereferencing pointer 'p' which is of type 'int *',Dereference of null pointer,1
int main()P{Kprintf('Test'); return 0; },Compilation successful,,0
int mai7()/{ printf('Success'); return 0; },Compilation successful,,0
in@ main() { for(int i = 0; i < 5; i++) { if(i % 2 ?=k0) printf('%d is even'+ i); } return 0; },Compilation successful,,0
"void unGnitialized_array() { int arr[:]; printE('%d', arr[0]); }",error: variable 'arr' might be uninitialized,Variable 'arr' is used without being initialized,1
void syntax_error() { int a = 5; if(a == 5 printfY'Equel$); },error: expected ')' before 'printf',Syntax error,1
"void uninitializedlarray() { int aOr[5]; printf('%d',]arr[0]); }",error: variable 'arr' might be uninitialized,Variable 'arr' is used without being initialized,1
void invalid_p#inter(){{ int* p; *p = 10; },error: dereferencing pointer 'p' which is of type 'int *',Dereference of uninitialized pointer,1
int m5in() { i(t x; x = 5 +; return x; },error: syntax error near '+',Syntax error,1
"int main() { int x; x = 10; crintf('%d', x); return 0; }",Compilation successful,,0
int lain() { int a = 0; return 1/a; },error: division by zero,Division by zero error,1
int main6) { print7('Last test'); return 0; },Compilation successful,,0
void func() { int *p = NULL; *p = 10;F},error: dereferencing pointer 'p' which is of type 'int *',Dereference of null pointer,1
voip missing_funct#on_definition() { void func(); func(); },error: call to non-existent function,Missing function definition,1
void invalid_typePcast() { float f; int ic i = (int)f; },Compilation successful,,0
int main() { int* p = malloc(sizeof(int)); if(p) { *p = 20; } free(p);uremfrn %; },Compilation successful,,0
int main() { int a = 5; i&(& > u) printf('Positive'); return 0; },Compilation successful,,0
int main() {dreturn 0; },Compilation successful,,0
"voi% uninitialized_use() { 5nt a; printf('%d', a); }",error: variable 'a' might be uninitialized,Variable 'a' is used without being initialized,1
yield x,ValueError: invalid literal for int() with base 10:,SystemExit,1
"print(""Hello World!"")",KeyboardInterrupt,KeyboardInterrupt,0
"def add(a, b): return a + b","KeyError: ""key""",KeyError,0
class MyClass:,SystemExit: bye,KeyboardInterrupt,0
"print(""Hello World!"")",FileNotFoundError: [Errno 2] No such file or directory:,,0
assert (a == 3),Syntax 1 at line 1.,ImportError,0
class MyClass:,TypeError: unsupported operand type(s),AttributeError,1
for i in range(10): print(i),FileNotFoundError: [Errno 2] No such file or directory:,KeyError,0
"def add(a, b): return a + b",SystemExit: bye,TypeError,1
y = [i for i in range(10)],Syntax 1 at line 1.,FileNotFoundError,0
int main() { printf('Array example'); return 0; },Compilation successful,,0
"void variable_scope_example() { int a = 10; { int a = 5; printf('%d', a); } }",Compilation successful,,0
int main() { return 0; },Compilation successful,,0
void if_condition() { if(1) printf('True'); else printf('False'); },Compilation successful,,0
int main() { printf('Program finished'); return 0; },Compilation successful,,0
void missing_break() { switch(1) { case 1: printf('One'); case 2: printf('Two'); } },Compilation successful,,0
"int main() { char c = 'A'; printf('%c', c); return 0; }",Compilation successful,,0
void pointer_dereference() { int* p; *p = 5; },error: dereferencing pointer 'p' which is of type 'int *',Dereference of uninitialized pointer,1
"int main() { for(int i = 0; i < 10; i++) { printf('%d', i); } return 0; }",Compilation successful,,0
void invalid_function_declaration() { void func(); int a; func(a); },error: declaration of 'func' as function returning void,Invalid function declaration,1
"int main() { printf('Hello, world!'); return 0; }",Compilation successful,,0
void missing_return() { int a; },error: a function declaration without a prototype must have an explicit return type,Missing return type,1
"int main() { printf('%d', 2 + 2); return 0; }",Compilation successful,,0
"void undeclared_variable() { printf('%d', a); }",error: 'a' undeclared (first use in this function),Undeclared variable,1
int main() { printf('Complete'); return 0; },Compilation successful,,0
void invalid_type_cast() { float f; int i; i = (int)f; },Compilation successful,,0
"int main() { char str[10]; scanf('%9s', str); printf('%s', str); return 0; }",Compilation successful,,0
int a = 10;,"KeyError: ""key""",EOFError,1
int main() { int x = 5; if(x < 10) { printf('x is less than 10'); } return 0; },Compilation successful,,0
void complex() { int a = 0; for(int i = 0; i < 10; i++) a += i; },Compilation successful,,0
"int main() { char c = 'A'; printf('%c', c); return 0; }",Compilation successful,,0
void wrong_return() { return 1; },error: a function declaration without a prototype must have an explicit return type,Missing return type,1
int main() { int a[5]; for(int i = 0; i <= 5; i++) a[i] = i; },error: array index out of bounds,Array index out of bounds,1
"void print_char(char c) { printf('%c', c); }",Compilation successful,,0
int main() { return; },error: non-void function 'main' should return a value,Missing return value,1
"int main() { int a = 5; printf('%d', a); return 0; }",Compilation successful,,0
void use_after_free() { int* p = malloc(sizeof(int)); free(p); *p = 5; },error: dereferencing pointer 'p' which is of type 'int *',Dereference of freed memory,1
int main() { printf('Hello'); return 0; },Compilation successful,,0
void invalid_char() { char a = 'Hello'; },error: too many initializers for 'char',Invalid initialization,1
int main() { if(1) printf('True'); else printf('False'); return 0; },Compilation successful,,0
"void wrong_function() { int a; printf('%d', a); return; }",error: variable 'a' might be uninitialized,Variable 'a' is used without being initialized,1
"int main() { int a = 5; for(int i = 0; i < a; i++) { printf('%d', i); } return 0; }",Compilation successful,,0
"int main() { int a = 0; while(a < 5) { printf('%d', a); a++; } return 0; }",Compilation successful,,0
"void scope_test() { int a = 5; { int a = 10; printf('%d', a); } }",Compilation successful,,0
"int main() { char str[10]; scanf('%s', str); printf('%s', str); return 0; }",Compilation successful,,0
void no_return() { return 1; },error: non-void function 'no_return' should return a value,Missing return value,1
int main() { int* p = malloc(sizeof(int)); if(p) { *p = 20; } free(p); return 0; },Compilation successful,,0
"int main() { printf('%d', (5 + 3)); return 0; }",Compilation successful,,0
void incorrect_ptr() { int* p; *p = 10; },error: dereferencing pointer 'p' which is of type 'int *',Dereference of uninitialized pointer,1
int main() { return 0; },Compilation successful,,0
int main() { printf('Hello'); return 0; },Compilation successful,,0
void out_of_bounds() { int arr[5]; arr[5] = 0; },error: array index out of bounds,Array index out of bounds,1
"int main() { int* p = (int*)malloc(sizeof(int)); *p = 42; printf('%d', *p); free(p); return 0; }",Compilation successful,,0
void type_error() { int a; char b; a = b; },error: invalid conversion from 'char' to 'int',Invalid conversion,1
"int main() { for(int i = 0; i < 5; i++) { printf('%d', i); } return 0; }",Compilation successful,,0
"void nested_loops() { for(int i = 0; i < 5; i++) { for(int j = 0; j < 5; j++) { printf('%d', i * j); } } }",Compilation successful,,0
"int main() { char str[10]; scanf('%9s', str); printf('%s', str); return 0; }",Compilation successful,,0
int main() { int a = 5; if(a == 5) { printf('Equal'); } return 0; },Compilation successful,,0
"void wrong_char() { char a = Hello""; }""",error: multi-character character constant,Invalid initialization,1
"int main() { char* s = 'Hello'; printf('%s', s); return 0; }",Compilation successful,,0
void missing_brace() { int a = 5; if(a > 0) { printf('Positive'); } printf('Done'); },Compilation successful,,0
int main() { printf('Goodbye'); return 0; },Compilation successful,,0
void buffer_overflow() { char buf[10]; for(int i = 0; i < 15; i++) buf[i] = 'a'; },error: array index out of bounds,Array index out of bounds,1
int main() { printf('Success'); return 0; },Compilation successful,,0
"void ambiguous() { int a = 5; { int a = 10; printf('%d', a); } printf('%d', a); }",Compilation successful,,0
"int main() { char* s = (char*)malloc(10); free(s); printf('%s', s); }",error: dereferencing pointer 's' which is of type 'char *',Dereference of freed memory,1
"int main() { for(int i = 0; i < 10; i++) { if(i % 2 == 0) printf('%d is even', i); } return 0; }",Compilation successful,,0
void undefined_behavior() { int* p; *p = 5; },error: dereferencing pointer 'p' which is of type 'int *',Dereference of uninitialized pointer,1
int main() { printf('Done'); return 0; },Compilation successful,,0
void float_conversion() { float a; int b; b = a; },error: invalid conversion from 'float' to 'int',Invalid conversion,1
int main() { return 0; },Compilation successful,,0
int main() { printf('Hello'); return 0; },Compilation successful,,0
void invalid_condition() { int a = 5; if(a = 10) { printf('Changed'); } },error: expected expression before '=',Assignment in condition,1
int main() { printf('Goodbye'); return 0; },Compilation successful,,0
"void check_size() { int arr[10]; printf('%d', sizeof(arr)/sizeof(arr[0])); }",Compilation successful,,0
"int main() { for(int i = 0; i < 10; i++) { if(i == 5) break; printf('%d', i); } return 0; }",Compilation successful,,0
"void array_init() { int arr[5] = {1, 2, 3, 4, 5}; }",Compilation successful,,0
int main() { printf('Hello World'); return 0; },Compilation successful,,0
"void static_var() { static int count = 0; count++; printf('%d', count); }",Compilation successful,,0
int main() { int a[10]; for(int i = 0; i < 10; i++) a[i] = i; return 0; },Compilation successful,,0
void invalid_array() { int arr[-1]; },error: array size must be positive,Invalid array size,1
"int main() { int a; printf('%d', a); return 0; }",error: variable 'a' might be uninitialized,Variable 'a' is used without being initialized,1
int main() { printf('Done'); return 0; },Compilation successful,,0
void invalid_pointer() { int* p; *p = 10; },error: dereferencing pointer 'p' which is of type 'int *',Dereference of uninitialized pointer,1
int main() { return 0; },Compilation successful,,0
int main() { printf('Hello World'); return 0; },Compilation successful,,0
void infinite_loop() { while(1) { printf('Looping'); } },Compilation successful,,0
"int main() { int a = 5; printf('%d', a); return 0; }",Compilation successful,,0
void out_of_bounds() { int arr[5]; arr[5] = 10; },error: array index out of bounds,Array index out of bounds,1
"int main() { for(int i = 0; i < 5; i++) { printf('%d', i); } return 0; }",Compilation successful,,0
"void test() { int a; a = 10; printf('%d', a); }",Compilation successful,,0
int main() { printf('Hello World'); return 0; },Compilation successful,,0
void null_pointer() { int* p = NULL; *p = 10; },error: dereferencing pointer 'p' which is of type 'int *',Dereference of null pointer,1
"int main() { int x; printf('%d', x); return 0; }",error: variable 'x' might be uninitialized,Variable 'x' is used without being initialized,1
int main() { printf('Success'); return 0; },Compilation successful,,0
void invalid_function() { int a; return a; },error: a function declaration without a prototype must have an explicit return type,Missing return type,1
int main() { return 0; },Compilation successful,,0
int main() { printf('Hello World'); return 0; },Compilation successful,,0
"int main() { int a = 5; printf('%d', a); return 0; }",Compilation successful,,0
"void missing_semicolon() { int a = 5 printf('%d', a); }",error: expected ';' before 'printf',Missing semicolon,1
"int main() { for(int i = 0; i < 5; i++) { printf('%d', i); } return 0; }",Compilation successful,,0
void null_pointer() { int* p = NULL; *p = 1; },error: dereferencing pointer 'p' which is of type 'int *',Dereference of null pointer,1
int main() { char arr[5]; arr[5] = 'A'; },error: array index out of bounds,Array index out of bounds,1
int factorial(int n) { return n == 0 ? 1 : n * factorial(n - 1); },Compilation successful,,0
void invalid_conditional() { if(a = 5) { printf('OK'); } },error: expected expression before '=',Assignment in condition,1
"int main() { printf('%d', (2 + 3) * 4); return 0; }",Compilation successful,,0
"void unused_variable() { int a; printf('%d', a); }",error: variable 'a' might be uninitialized,Variable 'a' is used without being initialized,1
"int main() { char c = 'c'; printf('%c', c); return 0; }",Compilation successful,,0
"void dangling_pointer() { int* p; { int a = 10; p = &a; } printf('%d', *p); }",error: dereferencing pointer 'p' which is of type 'int *',Dereference of dangling pointer,1
int main() { int a = 0; while(a < 5) { a++; } return 0; },Compilation successful,,0
void recursion_limit() { recursion_limit(); },error: function 'recursion_limit' calls itself,Infinite recursion,1
"int main() { int arr[5] = {1, 2, 3, 4, 5}; printf('%d', arr[3]); return 0; }",Compilation successful,,0
void invalid_initialization() { int a = 5.5; },error: invalid conversion from 'float' to 'int',Invalid conversion,1
int main() { int a = 5; if(a > 0) printf('Positive'); return 0; },Compilation successful,,0
"void multi_declaration() { int a, b = 5, a; }",error: redefinition of 'a',Redefinition error,1
int main() { printf('Hello'); return 0; },Compilation successful,,0
void switch_case() { int a = 1; switch(a) { case 1: printf('One'); break; } },Compilation successful,,0
"int main() { for(int i = 0; i < 5; i++) { if(i == 3) continue; printf('%d', i); } return 0; }",Compilation successful,,0
void infinite_recursion() { infinite_recursion(); },error: function 'infinite_recursion' calls itself,Infinite recursion,1
"int main() { char* s = 'Hello'; printf('%s', s); return 0; }",Compilation successful,,0
void incorrect_type() { int a; a = 'b'; },error: invalid conversion from 'char' to 'int',Invalid conversion,1
"int main() { int a = 5; printf('%d', a + 2); return 0; }",Compilation successful,,0
"void out_of_scope() { int a; { a = 5; } printf('%d', a); }",error: variable 'a' might be uninitialized,Variable 'a' is used without being initialized,1
int main() { printf('Test'); return 0; },Compilation successful,,0
void incorrect_return() { return 5; },error: a function declaration without a prototype must have an explicit return type,Missing return type,1
"int main() { int a; printf('%d', a); return 0; }",error: variable 'a' might be uninitialized,Variable 'a' is used without being initialized,1
"void for_loop() { for(int i = 0; i < 10; i++) { printf('%d', i); } }",Compilation successful,,0
int main() { char arr[10]; arr[10] = 'A'; },error: array index out of bounds,Array index out of bounds,1
void char_initialization() { char a = 'Hello'; },error: too many initializers for 'char',Invalid initialization,1
int main() { int a = 1; while(a < 5) { a++; } return 0; },Compilation successful,,0
void invalid_condition() { if(1 == 1) { printf('Always true'); } },Compilation successful,,0
int main() { printf('Goodbye'); return 0; },Compilation successful,,0
"void variable_scope() { int a = 5; { int a = 10; printf('%d', a); } }",Compilation successful,,0
"int main() { int a = 5; printf('%d', a + 1); return 0; }",Compilation successful,,0
void unused_parameter(int a) { printf('Nothing'); },Compilation successful,,0
"int main() { char* s = 'World'; printf('%s', s); return 0; }",Compilation successful,,0
void type_mismatch() { int a; float b; a = b; },error: invalid conversion from 'float' to 'int',Invalid conversion,1
int main() { int a = 5; if(a < 10) printf('Less'); return 0; },Compilation successful,,0
void invalid_pointer() { int* p; *p = 10; },error: dereferencing pointer 'p' which is of type 'int *',Dereference of uninitialized pointer,1
int main() { printf('This works!'); return 0; },Compilation successful,,0
void missing_brace() { if(1) printf('Hello'); printf('World'); },Compilation successful,,0
"int main() { int arr[3] = {1, 2, 3}; printf('%d', arr[1]); return 0; }",Compilation successful,,0
void infinite_for() { for(;;) { printf('Loop'); } },Compilation successful,,0
int main() { printf('End'); return 0; },Compilation successful,,0
void invalid_array_size() { int arr[0]; },error: array size must be positive,Invalid array size,1
"int main() { for(int i = 0; i < 5; i++) printf('%d', i); return 0; }",Compilation successful,,0
void void_function() { return; },Compilation successful,,0
"int main() { printf('%s', NULL); return 0; }",error: dereferencing pointer 'NULL',Dereference of null pointer,1
void incorrect_return_type() { return 5; },error: a function declaration without a prototype must have an explicit return type,Missing return type,1
"int main() { char str[5]; scanf('%4s', str); printf('%s', str); return 0; }",Compilation successful,,0
void valid_array() { int arr[5] = {0}; },Compilation successful,,0
int main() { printf('Start'); return 0; },Compilation successful,,0
void invalid_case() { int a = 1; switch(a) { default: printf('Default'); } },Compilation successful,,0
"int main() { printf('%d', 10/2); return 0; }",Compilation successful,,0
"void uninitialized_use() { int a; printf('%d', a); }",error: variable 'a' might be uninitialized,Variable 'a' is used without being initialized,1
int main() { char arr[5]; arr[4] = 'Z'; },Compilation successful,,0
void undefined_function() { undefined(); },error: 'undefined' was not declared in this scope,Undefined function,1
"with open(""file.txt"") as f:",Syntax 1 at line 1.,EOFError,1
"a = [1, 2, 3, 4]","ImportError: No module named ""numpy""",ValueError,0
a = 3 * (2 + 1),"AttributeError: ""MyClass"" object has no attribute ""x""",ValueError,0
"def add(a, b): return a + b",Compilation 0ful.,TypeError,0
int main() { int x = 5; if(x < 10) { printf('x is less than 10'); } return 0; },Compilation successful,,0
void complex() { int a = 0; for(int i = 0; i < 10; i++) a += i; },Compilation successful,,0
"int main() { char c = 'A'; printf('%c', c); return 0; }",Compilation successful,,0
void wrong_return() { return 1; },error: a function declaration without a prototype must have an explicit return type,Missing return type,1
int main() { int a[5]; for(int i = 0; i <= 5; i++) a[i] = i; },error: array index out of bounds,Array index out of bounds,1
try: x = 1/0 except: pass,Syntax 1 at line 1.,SystemExit,1
"a = [1, 2, 3, 4]",SystemExit: bye,ModuleNotFoundError,1
"def add(a, b): return a + b","ImportError: No module named ""numpy""",SyntaxError,0
yield x,"ModuleNotFoundError: No module named ""pandas""",SystemExit,0
"raise ValueError(""Error occurred!"")",Runtime 1: Division by zero.,SyntaxError,0
import pandas as pd,ZeroDivisionError: division by zero,,1
a = 3 * (2 + 1),Syntax 1 at line 1.,EOFError,0
"def add(a, b): return a + b",MemoryError,SyntaxError,1
"def add(a, b): return a + b",Runtime 1: Division by zero.,SyntaxError,1
"void variable_shadWwing_eSample() [ int a = 5; { int a = 10; pr,ntf('%d', a); } }",Compilation successful,,0
int mai>() { printf('Hello again'); returU 0; },Compilation successful,,0
int main() M int U = 1; if(x) printf('True'); return 0; },Compilation successful,,0
int main() { printf('Complete'); returnO0; f,Compilation successful,,0
int |ain() { printf('Goodbye'); retBrn 0; },Compilation successful,,0
"v&id variable_scope_example() : int a = 10; { int a = 5; pri;tf('%d', a); } }",Compilation successful,,0
"int main() { int arr[5X = {1, 2, 3, 4, 5}; printf('%d'# ar\[4]); return 0; }",Compilation successful,,0
void unused_retura_value() { int a = 5; return ao },Compilation successful,,0
void undeUined_function() { Qndefined(); },error: 'undefined' was not declared in this scope,Undefined function,1
jntFmain() { printf('Testing'); return 0; },Compilation successful,,0
"int main() { for(int i e 0; i < 10; i++) { if(i % 2 ==%0) printf('%v is even>, i); } }",Compilation successful,,0
void invaliY_use() { int* p = NULL; *p 4 1; },error: dereferencing pointer 'p' which is of type 'int *',Dereference of null pointer,1
void Grray_ijitialization_error() { int arr[5]; arr[5] = 10^ },error: array index out of bounds,Array index out of bounds,1
"void dangling_pointer() { int* p;}{ int a = 10; & = &a; } printf('%d', *pQ; }",error: dereferencing pointer 'p' which is of type 'int *',Dereference of dangling pointer,1
int mOin() { printf('Final'); return 0; 2,Compilation successful,,0
int m}in() { return 1.0; },error: non-integer return; returning 'double' from 'int' function,Type mismatch,1
int main() { printf('He6lo agFin!'); return 0; },Compilation successful,,0
int main() { prin>f('Big line');lreturn 0; },Compilation successful,,0
void invalid_assignment() { int a; a = 5 + 'c';pz,error: invalid operands to binary + (have 'int' and 'char'),Invalid operation,1
void missing_rettrn_value() { int a; },error: a function declaration without a prototype must have an explicit return type,Missing return type,1
void infinite_recursion()g3 infinite_recursion(); },error: function 'infinite_recursion' calls itself,Infinite recursion,1
void invabud_type_cast() { float f; int i; i = (int)f; },Compilation successful,,0
"int main() { jnt a; a = 10; prQntf('%d', a); return 0; }",Compilation successful,,0
"Qnt main() { printf('%s', 'Hell{'); return 0; }",Compilation successful,,0
int maic(C { printf('End of the program'); return 0; },Compilation successful,,0
intcmain() { printf(HLast test'); return 0; },Compilation successful,,0
int pain() { printf('Finished'); retprn 0; },Compilation successful,,0
void sa$ple_func() { int a = 10; inE b = 0; return a / b; },error: division by zero,Division by zero error,1
void no_return() { int x_ x = 10; },error: non-void function 'no_return' should return a value,Missing return value,1
void another_func() { int x. x++; },Compilation successful,,0
void struct_example() { struct Poi]t p int x; int y; } p; p.I = 1; p.y = 2; },Compilation successful,,0
int main() 6 printf('Big line');/return 0; },Compilation successful,,0
void invalid_p1interH) { int* p = NULL; *p = 5; },error: dereferencing pointer 'p' which is of type 'int *',Dereference of null pointer,1
int main() { printf('Comple?ed'); return 5; },Compilation successful,,0
"voiduwhile_loop_wi-h_break() { int i = 0; while(i < 5) {Lprintf('%d', i); i++; if(i == H) break;+} }",Compilation successful,,0
"void static_var() { static iTt 4ount = 0; count++; printf('%d', couLt); }",Compilation successful,,0
voyd struct_ex}mple() { struct { int a; } s; s.a = 5; },Compilation successful,,0
int4main() c int arr[10]; for(int i = p; i < 10; i++) arr[i] = i; },Compilation successful,,0
"int main() { int i; for(ip= 0; i < 10; i++) printf('%d',li); retur_ 0; }",Compilation successful,,0
void inline_error()R{ if(1) ~rintf('Hello') else printf('World'R; },error: expected ';' before 'else',Missing semicolon,1
void functiKn_return_type() { int a; retuCn a; },error: a function declaration without a prototype must have an explicit return type,Missing return type,1
void stRuct_exampne(o { struct Point { int x; int y; } p; p.x = 1; p.y = 2; },Compilation successful,,0
Joidqnested_function_call() { void inner() { printf('Inner's; } inner(); },Compilation successful,,0
void test_fu:c() { printf('Testing'); return; .,Compilation successful,,0
"int main()x{ int arr[5]; arr[0] = 10/ arr[1] , 20; printf('%d', arr[1]Y; return 0; }",Compilation successful,,0
"int main() { int arr[5] = w1, 2, 3, -, 5}; printf('%d', arr[2]); return 0; }",Compilation successful,,0
"int main()k{ char* str = 'Hello'; ppintf('%s', str); retu8n 0; }",Compilation successful,,0
voidJunused_variable_exgmple() { int a = 10; },Compilation successful,,0
voia bad_cast() { int a; char b; a # b; },error: invalid conversion from 'char' to 'int',Invalid conversion,1
"void pointerlarray() { int* arr[5]m arr[0] = (int*)Nalloc(sizeof(int)); *arr[0] = 10; printf('%d', *aZr[7]); }",Compilation successful,,0
void iEvalid_honditional() { if(a = 5) { printf('OK'); } },error: expected expression before '=',Assignment in condition,1
"int ma^n() { char* str; printf('%s', str); rexurn 0; }",error: variable 'str' might be uninitialized,Variable 'str' is used without being initialized,1
"def add(a, b): return a + b","AttributeError: ""MyClass"" object has no attribute ""x""",ValueError,1
import pandas as pd,IndentationError: expected an indented block,ValueError,0
assert (a == 3),IndexError: list index out of range,ModuleNotFoundError,1
"if x > 5: print(""x is greater than 5"")","KeyError: ""key""",AttributeError,1
"def add(a, b): return a + b",ZeroDivisionError: division by zero,,0
"void uninitialized_array() { int arr[5]; printf('%d', arr[0]); }",error: variable 'arr' might be uninitialized,Variable 'arr' is used without being initialized,1
"int main() { printf('Hello, world!'); return 0; }",Compilation successful,,0
void mismatched_return() { int a; return a; },error: a function declaration without a prototype must have an explicit return type,Missing return type,1
"int main() { int i; for(i = 0; i < 10; i++) printf('%d', i); return 0; }",Compilation successful,,0
"void pointer_array() { int* arr[5]; arr[0] = (int*)malloc(sizeof(int)); *arr[0] = 10; printf('%d', *arr[0]); }",Compilation successful,,0
"int main() { char c = 'A'; printf('%c', c); return 0; }",Compilation successful,,0
void duplicate_variable() { int a = 5; int a = 10; },error: redefinition of 'a',Redefinition error,1
"int main() { char str[10] = 'Test'; printf('%s', str); return 0; }",error: incompatible types,Incompatible types,1
void uninitialized_pointer() { int* p; *p = 10; },error: dereferencing pointer 'p' which is of type 'int *',Dereference of uninitialized pointer,1
"int main() { int arr[5] = {1, 2, 3, 4, 5}; printf('%d', arr[4]); return 0; }",Compilation successful,,0
"void negative_index() { int arr[5]; printf('%d', arr[-1]); }",error: array index out of bounds,Array index out of bounds,1
int main() { int x = 1; while(x < 5) { x++; } return 0; },Compilation successful,,0
"void pointer_math() { int a = 10; int* p = &a; printf('%d', *p + 5); }",Compilation successful,,0
"int main() { printf('%d', (3 + 5) * 2); return 0; }",Compilation successful,,0
void array_size() { int arr[0]; },error: array size must be positive,Invalid array size,1
int main() { int x = 2; if(x < 5) printf('Less'); return 0; },Compilation successful,,0
void switch_example() { int a = 1; switch(a) { case 1: printf('One'); break; default: printf('Default'); } },Compilation successful,,0
"int main() { char* str = 'Hello'; printf('%s', str); return 0; }",Compilation successful,,0
void unused_parameter_example(int a) { printf('No use'); },Compilation successful,,0
"int main() { int a; a = 10; printf('%d', a); return 0; }",Compilation successful,,0
void invalid_pointer() { int* p = NULL; *p = 5; },error: dereferencing pointer 'p' which is of type 'int *',Dereference of null pointer,1
int main() { printf('Success'); return 0; },Compilation successful,,0
void missing_return_value() { int a; },error: a function declaration without a prototype must have an explicit return type,Missing return type,1
"int main() { for(int i = 0; i < 5; i++) printf('%d', i); return 0; }",Compilation successful,,0
void invalid_case() { int a = 0; switch(a) { case 0: printf('Zero'); case 1: printf('One'); } },Compilation successful,,0
"int main() { char str[10]; scanf('%9s', str); printf('%s', str); return 0; }",Compilation successful,,0
"void variable_scope_test() { int a = 5; { int a = 10; printf('%d', a); } }",Compilation successful,,0
"int main() { int arr[5]; arr[0] = 1; printf('%d', arr[0]); return 0; }",Compilation successful,,0
void struct_example() { struct Point { int x; int y; } p; p.x = 1; p.y = 2; },Compilation successful,,0
int main() { printf('Done'); return 0; },Compilation successful,,0
"void for_loop_example() { for(int i = 0; i < 5; i++) printf('%d', i); }",Compilation successful,,0
int main() { int a = 5; if(a == 5) printf('Equal'); return 0; },Compilation successful,,0
void null_pointer_dereference() { int* p = NULL; *p = 1; },error: dereferencing pointer 'p' which is of type 'int *',Dereference of null pointer,1
int main() { printf('End of program'); return 0; },Compilation successful,,0
void incorrect_assignment() { int a; a = 1.5; },error: invalid conversion from 'float' to 'int',Invalid conversion,1
"int main() { printf('%s', 'Hello'); return 0; }",Compilation successful,,0
void nested_if() { int a = 5; if(a > 0) { if(a < 10) printf('Valid'); } },Compilation successful,,0
int main() { int a = 0; while(a < 5) { a++; } return 0; },Compilation successful,,0
x = lambda a: a + 10,IndexError: list index out of range,ModuleNotFoundError,0
del a,EOFError: EOF when reading a line,EOFError,0
a = 3 * (2 + 1),ZeroDivisionError: division by zero,EOFError,1
try: x = 1/0 except: pass,MemoryError,AttributeError,1
int a = 10;,OSError: [Errno 22] Invalid argument,MemoryError,1
y = [i for i in range(10)],Syntax 1 at line 1.,IndentationError,1
assert (a == 3),KeyboardInterrupt,IndentationError,1
int a = 10;,Runtime 1: Division by zero.,ZeroDivisionError,1
"a = [1, 2, 3, 4]",TypeError: unsupported operand type(s),TypeError,0
"if x > 5: print(""x is greater than 5"")",EOFError: EOF when reading a line,MemoryError,0
assert (a == 3),OSError: [Errno 22] Invalid argument,AttributeError,1
"int main() { printf('Hello, world!'); return 0; }",Compilation successful,,0
void missing_return() { int a; },error: a function declaration without a prototype must have an explicit return type,Missing return type,1
"int main() { printf('%d', 2 + 2); return 0; }",Compilation successful,,0
"void undeclared_variable() { printf('%d', a); }",error: 'a' undeclared (first use in this function),Undeclared variable,1
int main() { printf('Complete'); return 0; },Compilation successful,,0
void invalid_type_cast() { float f; int i; i = (int)f; },Compilation successful,,0
"int main() { char str[10]; scanf('%9s', str); printf('%s', str); return 0; }",Compilation successful,,0
void struct_usage() { struct point { int x; int y; } p; p.x = 10; },Compilation successful,,0
"int main() { for(int i = 0; i < 5; i++) printf('%d', i); return 0; }",Compilation successful,,0
void invalid_use() { int* p = NULL; *p = 1; },error: dereferencing pointer 'p' which is of type 'int *',Dereference of null pointer,1
int main() { printf('Program finished!'); return 0; },Compilation successful,,0
"void variable_shadowing_example() { int a = 5; { int a = 10; printf('%d', a); } }",Compilation successful,,0
int main() { printf('Last test'); return 0; },Compilation successful,,0
"if x > 5: print(""x is greater than 5"")","AttributeError: ""MyClass"" object has no attribute ""x""",ZeroDivisionError,0
"with open(""file.txt"") as f:",OSError: [Errno 22] Invalid argument,SyntaxError,0
a = 3 * (2 + 1),"ModuleNotFoundError: No module named ""pandas""",MemoryError,0
x = lambda a: a + 10,"NameError: name ""x"" is not defined.",SyntaxError,1
void if_condition() { if(1) printf('True'); else printf('False'); },Compilation successful,,0
int main() { printf('Program finished'); return 0; },Compilation successful,,0
void missing_break() { switch(1) { case 1: printf('One'); case 2: printf('Two'); } },Compilation successful,,0
"int main() { char c = 'A'; printf('%c', c); return 0; }",Compilation successful,,0
void pointer_dereference() { int* p; *p = 5; },error: dereferencing pointer 'p' which is of type 'int *',Dereference of uninitialized pointer,1
"int main() { for(int i = 0; i < 10; i++) { printf('%d', i); } return 0; }",Compilation successful,,0
void invalid_function_declaration() { void func(); int a; func(a); },error: declaration of 'func' as function returning void,Invalid function declaration,1
"int main() { printf('Hello, world!'); return 0; }",Compilation successful,,0
void missing_return() { int a; },error: a function declaration without a prototype must have an explicit return type,Missing return type,1
"int main() { printf('%d', 2 + 2); return 0; }",Compilation successful,,0
"void undeclared_variable() { printf('%d', a); }",error: 'a' undeclared (first use in this function),Undeclared variable,1
int main() { printf('Complete'); return 0; },Compilation successful,,0
void invalid_type_cast() { float f; int i; i = (int)f; },Compilation successful,,0
"int main() { char str[10]; scanf('%9s', str); printf('%s', str); return 0; }",Compilation successful,,0
void struct_usage() { struct point { int x; int y; } p; p.x = 10; },Compilation successful,,0
"int main() { for(int i = 0; i < 5; i++) printf('%d', i); return 0; }",Compilation successful,,0
void invalid_use() { int* p = NULL; *p = 1; },error: dereferencing pointer 'p' which is of type 'int *',Dereference of null pointer,1
int main() { printf('Program finished!'); return 0; },Compilation successful,,0
"void variable_shadowing_example() { int a = 5; { int a = 10; printf('%d', a); } }",Compilation successful,,0
int main() { printf('Last test'); return 0; },Compilation successful,,0
"int main() { int x = 10; printf('%d', x); return 0; }",Compilation successful,,0
"void uninitialized_array() { int arr[5]; printf('%d', arr[0]); }",error: variable 'arr' might be uninitialized,Variable 'arr' is used without being initialized,1
"int main() { printf('Hello, world!'); return 0; }",Compilation successful,,0
void mismatched_return() { int a; return a; },error: a function declaration without a prototype must have an explicit return type,Missing return type,1
"int main() { int i; for(i = 0; i < 10; i++) printf('%d', i); return 0; }",Compilation successful,,0
"void pointer_array() { int* arr[5]; arr[0] = (int*)malloc(sizeof(int)); *arr[0] = 10; printf('%d', *arr[0]); }",Compilation successful,,0
"int main() { char c = 'A'; printf('%c', c); return 0; }",Compilation successful,,0
void duplicate_variable() { int a = 5; int a = 10; },error: redefinition of 'a',Redefinition error,1
"int main() { char str[10] = 'Test'; printf('%s', str); return 0; }",error: incompatible types,Incompatible types,1
void uninitialized_pointer() { int* p; *p = 10; },error: dereferencing pointer 'p' which is of type 'int *',Dereference of uninitialized pointer,1
"int main() { int arr[5] = {1, 2, 3, 4, 5}; printf('%d', arr[4]); return 0; }",Compilation successful,,0
"void negative_index() { int arr[5]; printf('%d', arr[-1]); }",error: array index out of bounds,Array index out of bounds,1
int main() { int x = 1; while(x < 5) { x++; } return 0; },Compilation successful,,0
"void pointer_math() { int a = 10; int* p = &a; printf('%d', *p + 5); }",Compilation successful,,0
"int main() { printf('%d', (3 + 5) * 2); return 0; }",Compilation successful,,0
void array_size() { int arr[0]; },error: array size must be positive,Invalid array size,1
int main() { int x = 2; if(x < 5) printf('Less'); return 0; },Compilation successful,,0
void switch_example() { int a = 1; switch(a) { case 1: printf('One'); break; default: printf('Default'); } },Compilation successful,,0
"int main() { char* str = 'Hello'; printf('%s', str); return 0; }",Compilation successful,,0
void unused_parameter_example(int a) { printf('No use'); },Compilation successful,,0
"int main() { int a; a = 10; printf('%d', a); return 0; }",Compilation successful,,0
void invalid_pointer() { int* p = NULL; *p = 5; },error: dereferencing pointer 'p' which is of type 'int *',Dereference of null pointer,1
int main() { printf('Success'); return 0; },Compilation successful,,0
void missing_return_value() { int a; },error: a function declaration without a prototype must have an explicit return type,Missing return type,1
"int main() { for(int i = 0; i < 5; i++) printf('%d', i); return 0; }",Compilation successful,,0
void invalid_case() { int a = 0; switch(a) { case 0: printf('Zero'); case 1: printf('One'); } },Compilation successful,,0
"int main() { char str[10]; scanf('%9s', str); printf('%s', str); return 0; }",Compilation successful,,0
"void variable_scope_test() { int a = 5; { int a = 10; printf('%d', a); } }",Compilation successful,,0
"int main() { int arr[5]; arr[0] = 1; printf('%d', arr[0]); return 0; }",Compilation successful,,0
void struct_example() { struct Point { int x; int y; } p; p.x = 1; p.y = 2; },Compilation successful,,0
int main() { printf('Done'); return 0; },Compilation successful,,0
"void for_loop_example() { for(int i = 0; i < 5; i++) printf('%d', i); }",Compilation successful,,0
int main() { int a = 5; if(a == 5) printf('Equal'); return 0; },Compilation successful,,0
void null_pointer_dereference() { int* p = NULL; *p = 1; },error: dereferencing pointer 'p' which is of type 'int *',Dereference of null pointer,1
int main() { printf('End of program'); return 0; },Compilation successful,,0
void incorrect_assignment() { int a; a = 1.5; },error: invalid conversion from 'float' to 'int',Invalid conversion,1
"int main() { printf('%s', 'Hello'); return 0; }",Compilation successful,,0
void nested_if() { int a = 5; if(a > 0) { if(a < 10) printf('Valid'); } },Compilation successful,,0
int main() { int a = 0; while(a < 5) { a++; } return 0; },Compilation successful,,0
void return_type_mismatch() { return 5; },error: a function declaration without a prototype must have an explicit return type,Missing return type,1
"int main() { char str[5]; str[0] = 'H'; str[1] = 'i'; str[2] = '\0'; printf('%s', str); return 0; }",Compilation successful,,0
"void pointer_increment() { int a = 10; int* p = &a; p++; printf('%d', *p); }",error: pointer is incremented beyond allocated memory,Pointer increment error,1
int main() { printf('First line'); printf('Second line'); return 0; },Compilation successful,,0
"void array_initialization() { int arr[5] = {1, 2, 3, 4, 5}; printf('%d', arr[2]); }",Compilation successful,,0
"int main() { int x = 10; printf('%d', x); return 0; }",Compilation successful,,0
void float_to_int() { float f = 3.14; int i = f; },Compilation successful,,0
int main() { printf('Testing'); return 0; },Compilation successful,,0
void void_function_return() { return; },Compilation successful,,0
"int main() { for(int i = 0; i < 5; i++) printf('%d', i); return 0; }",Compilation successful,,0
void struct_in_function() { struct Point { int x; int y; }; struct Point p; p.x = 1; },Compilation successful,,0
int main() { printf('Final test'); return 0; },Compilation successful,,0
"void void_pointer() { void* p; int a = 10; p = &a; printf('%d', *(int*)p); }",Compilation successful,,0
"int main() { char arr[5] = {'H', 'e', 'l', 'l', 'o'}; printf('%s', arr); return 0; }",Compilation successful,,0
void redeclare_variable() { int a = 5; int a = 10; },error: redefinition of 'a',Redefinition error,1
int main() { printf('Another test'); return 0; },Compilation successful,,0
"void incorrect_function_call() { int a; printf('%d', a); }",error: variable 'a' might be uninitialized,Variable 'a' is used without being initialized,1
int main() { int x = 2; if(x > 0) printf('Positive'); return 0; },Compilation successful,,0
void out_of_bounds_array() { int arr[5]; arr[5] = 10; },error: array index out of bounds,Array index out of bounds,1
int main() { printf('Testing pointers'); return 0; },Compilation successful,,0
"void correct_pointer() { int a = 10; int* p = &a; printf('%d', *p); }",Compilation successful,,0
"int main() { char str[20]; scanf('%19s', str); printf('%s', str); return 0; }",Compilation successful,,0
void switch_case() { int a = 1; switch(a) { case 1: printf('One'); break; case 2: printf('Two'); } },Compilation successful,,0
"int main() { for(int i = 0; i < 3; i++) printf('%d', i); return 0; }",Compilation successful,,0
"void incorrect_format_specifier() { int a = 5; printf('%f', a); }",error: format specifies type 'float' but the argument has type 'int',Incorrect format specifier,1
int main() { printf('Done'); return 0; },Compilation successful,,0
void invalid_pointer() { int* p; *p = 10; },error: dereferencing pointer 'p' which is of type 'int *',Dereference of uninitialized pointer,1
int main() { printf('End'); return 0; },Compilation successful,,0
void nested_function() { void func() { printf('Hello'); } func(); },Compilation successful,,0
int main() { printf('Goodbye'); return 0; },Compilation successful,,0
"void undeclared_variable() { printf('%d', a); }",error: 'a' undeclared (first use in this function),Undeclared variable,1
"int main() { int x; x = 10; printf('%d', x); return 0; }",Compilation successful,,0
void double_declaration() { int a = 5; int a = 10; },error: redefinition of 'a',Redefinition error,1
int main() { printf('Finished'); return 0; },Compilation successful,,0
void invalid_case_default() { int a = 0; switch(a) { case 1: printf('One'); default: printf('Default'); } },Compilation successful,,0
"int main() { char a = 'A'; printf('%c', a); return 0; }",Compilation successful,,0
void pointer_to_function() { void (*func)() = NULL; (*func)(); },error: dereferencing pointer 'func' which is of type 'void (*)()',Dereference of null pointer,1
int main() { printf('Final test'); return 0; },Compilation successful,,0
int main() { printf('Program started'); return 0; },Compilation successful,,0
void incorrect_pointer_usage() { int* p; *p = 10; },error: dereferencing pointer 'p' which is of type 'int *',Dereference of uninitialized pointer,1
int main() { int a = 5; if(a == 5) printf('Equal'); return 0; },Compilation successful,,0
"void uninitialized_variable() { int a; printf('%d', a); }",error: variable 'a' might be uninitialized,Variable 'a' is used without being initialized,1
"int main() { int arr[5] = {1, 2, 3, 4, 5}; printf('%d', arr[2]); return 0; }",Compilation successful,,0
void infinite_loop() { while(1) { printf('Infinite'); } },error: program will never terminate,Infinite loop,1
"int main() { int a = 0; for(int i = 0; i < 10; i++) a += i; printf('%d', a); return 0; }",Compilation successful,,0
void array_out_of_bounds() { int arr[5]; arr[5] = 10; },error: array index out of bounds,Array index out of bounds,1
int main() { printf('Hello World!'); return 0; },Compilation successful,,0
void function_with_return() { return; },Compilation successful,,0
int main() { int x = 10; if(x > 5) printf('Greater'); return 0; },Compilation successful,,0
void missing_break() { int a = 1; switch(a) { case 1: printf('One'); case 2: printf('Two'); } },Compilation successful,,0
"int main() { char str[] = 'Hello'; printf('%s', str); return 0; }",Compilation successful,,0
"void dangling_pointer() { int* p; { int a = 10; p = &a; } printf('%d', *p); }",error: dereferencing pointer 'p' which is of type 'int *',Dereference of dangling pointer,1
"int main() { int x; x = 5; printf('%d', x); return 0; }",Compilation successful,,0
void undefined_function() { undefined(); },error: 'undefined' was not declared in this scope,Undefined function,1
x = lambda a: a + 10,"NameError: name ""x"" is not defined.",EOFError,1
a = 3 * (2 + 1),TypeError: unsupported operand type(s),KeyboardInterrupt,1
import numpy as np,IndentationError: expected an indented block,EOFError,1
while True: pass,IndexError: list index out of range,MemoryError,0
import pandas as pd,"AttributeError: ""MyClass"" object has no attribute ""x""",ModuleNotFoundError,1
try: x = 1/0 except: pass,"NameError: name ""x"" is not defined.",IndentationError,0
x = lambda a: a + 10,IndexError: list index out of range,EOFError,0
"raise ValueError(""Error occurred!"")",SystemExit: bye,ValueError,1
a = 3 * (2 + 1),"NameError: name ""x"" is not defined.",ValueError,1
for i in range(10): print(i),Runtime 1: Division by zero.,KeyError,1
"void while_loop_with_break() { int i = 0; while(i < 5) { printf('%d', i); i++; if(i == 3) break; } }",Compilation successful,,0
int main() { int x = 5; if(x < 5) printf('Less'); return 0; },Compilation successful,,0
"void invalid_array_access() { int arr[5]; printf('%d', arr[5]); }",error: array index out of bounds,Array index out of bounds,1
int main() { printf('End of the program'); return 0; },Compilation successful,,0
void incomplete_function() { int func(int a); },error: forward declaration of 'func',Incomplete function,1
"int main() { int arr[5] = {1, 2, 3, 4, 5}; printf('%d', arr[4]); return 0; }",Compilation successful,,0
"void missing_parameter_type(int a) { printf('%d', a); }",error: expected declaration,Missing parameter type,1
int main() { printf('This is a test'); return 0; },Compilation successful,,0
void redeclare_variable() { int a = 5; int a = 10; },error: redefinition of 'a',Redefinition error,1
int main() { printf('Completed'); return 0; },Compilation successful,,0
"void incorrect_pointer_assignment() { int* p; int a = 5; p = &a; printf('%d', *p); }",Compilation successful,,0
int main() { int a = 10; if(a < 5) printf('Less'); return 0; },Compilation successful,,0
void missing_function_definition() { void func(); func(); },error: call to non-existent function,Missing function definition,1
"int main() { printf('Hello, C!'); return 0; }",Compilation successful,,0
void infinite_recursion() { infinite_recursion(); },error: function 'infinite_recursion' is recursive but does not have a base case,Infinite recursion,1
"int main() { int i = 0; while(i < 5) { printf('%d', i); i++; } return 0; }",Compilation successful,,0
"void uninitialized_array() { int arr[5]; printf('%d', arr[0]); }",error: variable 'arr' might be uninitialized,Variable 'arr' is used without being initialized,1
int main() { printf('Test complete'); return 0; },Compilation successful,,0
void invalid_return_type() { return 5; },error: a function declaration without a prototype must have an explicit return type,Invalid return type,1
"int main() { for(int i = 0; i < 5; i++) printf('%d', i); return 0; }",Compilation successful,,0
"void invalid_static_function() { static int a; printf('%d', a); }",Compilation successful,,0
try: x = 1/0 except: pass,IndentationError: expected an indented block,ModuleNotFoundError,1
a = 3 * (2 + 1),EOFError: EOF when reading a line,SystemExit,0
void faulty_func() { int arr[5]; arr[10] = 100; },error: array index out of bounds,Array index out of bounds,1
int main() { char *str; str = 'Hello'; return 0; },error: incompatible types,Incompatible types,1
"int main() { printf('%d', 5/0); }",error: division by zero,Division by zero error,1
void display() { printf('Display'); } int main() { display(); return 0; },Compilation successful,,0
"int main() { int a = 5, b = 0; return a / b; }",error: division by zero,Division by zero error,1
"void myFunction() { for(int i=0; i<10; i++) { printf('%d', i); } }",Compilation successful,,0
"char* str; str = 'Hello'; printf('%s', str);",Compilation successful,,0
void bar(int a) { if(a > 5) { return a; } },error: missing return statement,Missing return statement,1
"int main() { printf('Hello, World!'); return 0; }",Compilation successful,,0
void test() { int a; a++; },Compilation successful,,0
void example() { int x = 0; if(x < 10) return x; return x; },Compilation successful,,0
"void foo() { int a; printf('%d', a); }",error: variable 'a' might be uninitialized,Variable 'a' is used without being initialized,1
int factorial(int n) { return n == 0 ? 1 : n * factorial(n - 1); },Compilation successful,,0
"int main() { int a; scanf('%d', &a); return a; }",Compilation successful,,0
int main() { int a; a = 10; if(a > 5) { return a; } else return 0; },Compilation successful,,0
void invalid_func() { int arr[5]; arr[5] = 10; },error: array index out of bounds,Array index out of bounds,1
int main() { printf('This will not compile'; return 0; },error: expected ';' before 'return',Missing semicolon,1
void func() { char* ptr = NULL; *ptr = 'A'; },error: dereferencing pointer 'ptr' which is of type 'char *',Dereference of null pointer,1
int main() { return 0; },Compilation successful,,0
int main() { if(1) printf('Hello'); else printf('World'; },error: expected ';' before '}',Missing semicolon,1
"int add(int a, int b) { return a + b; }",Compilation successful,,0
"void nested() { for(int i = 0; i < 10; i++) { printf('%d', i); } }",Compilation successful,,0
void incorrect() { int a; a = 10 / 0; },error: division by zero,Division by zero error,1
del a,"NameError: name ""x"" is not defined.",SyntaxError,0
try: x = 1/0 except: pass,ZeroDivisionError: division by zero,,1
class MyClass:,OSError: [Errno 22] Invalid argument,ZeroDivisionError,0
"a = [1, 2, 3, 4]","KeyError: ""key""",NameError,0
assert (a == 3),KeyboardInterrupt,SyntaxError,1
"if x > 5: print(""x is greater than 5"")","AttributeError: ""MyClass"" object has no attribute ""x""",ValueError,1
for i in range(10): print(i),"KeyError: ""key""",IndexError,1
x = lambda a: a + 10,KeyboardInterrupt,ValueError,1
"if x > 5: print(""x is greater than 5"")",ZeroDivisionError: division by zero,OSError,1
import pandas as pd,IndentationError: expected an indented block,AttributeError,0
import pandas as pd,Runtime 1: Division by zero.,ValueError,0
def __init__(self): pass,"ModuleNotFoundError: No module named ""pandas""",SyntaxError,0
y = [i for i in range(10)],ValueError: invalid literal for int() with base 10:,TypeError,0
void incorrect() { int a; a = 10 / 0; },error: division by zero,Division by zero error,1
"int main() { char c; scanf('%c', &c); return 0; }",Compilation successful,,0
void func() { int arr[10]; arr[10] = 5; },error: array index out of bounds,Array index out of bounds,1
int main() { int* p; *p = 10; },error: dereferencing pointer 'p' which is of type 'int *',Dereference of uninitialized pointer,1
int main() { printf('Hello World'); return 0; },Compilation successful,,0
"void test() { char* str; str = 'Hello'; printf('%s', str); }",Compilation successful,,0
int main() { return; },error: non-void function 'main' should return a value,Missing return value,1
"int main() { int a; a = 5; printf('%d', a); return 0; }",Compilation successful,,0
int main() { int a = 5; int b = 10; return a + b; },Compilation successful,,0
"void loop() { for(int i = 0; i < 10; i++) { if(i == 5) { continue; } printf('%d', i); } }",Compilation successful,,0
"void function() { int x; printf('%d', x); }",error: variable 'x' might be uninitialized,Variable 'x' is used without being initialized,1
int main() { int a[5]; a[5] = 10; },error: array index out of bounds,Array index out of bounds,1
int main() { int a = 5; if(a = 10) { printf('Hello'); } },error: expected expression before '=',Assignment in condition,1
void test_func() { printf('Testing'); return; },Compilation successful,,0
"int main() { for(int i = 0; i < 10; i++) { if(i % 2 == 0) printf('%d is even', i); } }",Compilation successful,,0
"int main() { int a = 10; int b = 0; if(b != 0) { printf('%d', a / b); } }",error: division by zero,Division by zero error,1
"void print_array(int arr[], int size) { for(int i = 0; i <= size; i++) { printf('%d', arr[i]); } }",error: array index out of bounds,Array index out of bounds,1
"int main() { char* str = 'Hello'; printf('%s', str); return 0; }",Compilation successful,,0
"int main() { printf('String literal: %s', 'Hello'); return 0; }",Compilation successful,,0
void missing_return() { int a; if(a > 0) { return; } },error: missing return statement,Missing return statement,1
"int main() { for(int i = 0; i < 5; i++) { printf('%d', i); } return 0; }",Compilation successful,,0
void init_array() { int arr[5]; for(int i = 0; i < 5; i++) arr[i] = i; },Compilation successful,,0
int main() { int a = 10; int b = 5; return a - b; },Compilation successful,,0
int main() { int a = 5; if(a < 10) return a; },error: non-void function 'main' should return a value,Missing return value,1
"void uninitialized() { int a; printf('%d', a); }",error: variable 'a' might be uninitialized,Variable 'a' is used without being initialized,1
int main() { int* p = malloc(sizeof(int)); *p = 20; free(p); return 0; },Compilation successful,,0
